area,name,address,number
구리시,가람영구이사,경기도 구리시 아차산로500번길 16(교문동),031-446-4325
구리시,영구크린299호,"경기도 구리시 건원대로34번길 9,지하층 비103호(인창동)",031-3036-0682
구리시,영우익스프레스,경기도 구리시 경춘로276번길 67-14 1층(수택동),031-1247-7703
구리시,주식회사 이사의명가,"경기도 구리시 이문안로99번길 20, 2층 (수택동)",031-6588-2278
구리시,KGB기업이전3,경기도 구리시 동구릉로514(사노동),031-3890-1860
구리시,영구익스프레스,경기도 구리시 경춘북로251번길43 (갈매동)구길-재개발지역,031-3835-8298
구리시,KGB,경기도 구리시 장자대로1번길56 지하1층,031-7000-8916
구리시,㈜로뎀나무,경기도 구리시 동구릉로343-18(사노동),031-2729-0319
구리시,영구66호,"경기도 구리시 벌말로80번길 23,1층(토평동)",031-9622-1015
구리시,두산익스프레스,"경기도 구리시 이문안로139번길 28, 1층 (수택동)",031-2070-2020
구리시,O.K,경기도 구리시 응달말로52번길 62 (인창동),031-8235-0422
구리시,신내&서경사다리,경기도 구리시 딸기원로 11 (교문동),031-0896-6930
구리시,옐로우캡,경기도 구리시 검배로 163 (수택동),031-8598-8297
구리시,주식회사 퍼스트원,"경기도 구리시 원수택로64번길 9, 101동 213호(수택동,성원상떼빌아파트)",031-9838-9332
구리시,현대이사명가,경기도 구리시 동구릉로 507-20(사노동),031-3045-9016
의정부시,시온 익스프레스,경기도 의정부시 신촌로29번길 41 (가능동),031-2809-8636
의왕시,가나익스프레스,"경기도 의왕시 오매기백운산길 54-2, 1층 (오전동)",031-473-3000
용인시,중앙익스프레스,경기도 용인시 기흥구 마북로247번길 55-6 (마북동),031-2831-5012
용인시,현대익스프레스,"경기도 용인시 기흥구 죽전로 10, 장은메디칼프라자 601호 (보정동)",031-336-2444
용인시,주식회사 새길,"경기도 용인시 수지구 문인로31번길 7-19, 102호 (풍덕천동)",031-976-1234
의왕시,Yes2424 708팀,"경기도 의왕시 오전천로 35, 디에이 루미체 1102호 (오전동)",000-0000-0000
의왕시,(주)이사의달인 김병만,"경기도 의왕시 계원대학로 26, 6층 (내손동, 주영프라자)",070-8661-1525
의왕시,KMC,경기도 의왕시 부곡중학길 13 (삼동),000-0000-0000
의왕시,새샘익스프레스,경기도 의왕시 현충탑길 40-7 (고천동),000-0000-0000
의왕시,아울렛화물,"경기도 의왕시 오리나무1길 14, 지층 B03호 (내손동)",031-422-8804
의왕시,천사통운,경기도 의왕시 사그내2길 16 (고천동),031-386-1004
의정부시,코오롱익스프레스,경기도 의정부시 호암로 139 (호원동),031-878-2500
부천시,주식회사 현대트랜스,"경기도 부천시 중동로 162, 복사골 상가동 205 (중동)",031-5525-3769
부천시,인우지엘에스,경기도 부천시 괴안동 202-1,031-7343-9841
화성시,24향기 익스프레스,"경기도 화성시 반정로154번길 26-8, C동 (반정동)",031-433-2424
화성시,디에스케이글로넷(주),"경기도 화성시 효행로 1068, 리더스프라자 9층 910-1호 (병점동)",031-4449-1042
화성시,KGB안산 동부대리점,경기도 화성시 매송면 푸른들판로2017번길 8,031-8907-5697
화성시,우영이사화물,경기도 화성시 황계남길 90-14 (송산동),031-9453-7422
화성시,KPS익스프레스,경기도 화성시 병점중앙로155번길 28 (진안동),031-7292-4927
화성시,만두이사,"경기도 화성시 향남읍 3.1만세로 988-3, 404호",031-411-2433
화성시,한마음 익스프레스,경기도 화성시 동탄지성로 416-17 (반월동),031-6054-8553
화성시,매송퀵전국물류,경기도 화성시 매송면 송숙로 59,031-0544-8900
화성시,현대퀵특송,경기도 화성시 남양읍 역골로 23-9,031-1715-3061
화성시,웅진익스프레스,경기도 화성시 우정읍 원안길 146-4,031-318-1234
성남시,승리화물알선사(승리익스프레스),"경기도 성남시 수정구 모란로 65, 110호(수진동, 삼부상가)",031-754-2424
성남시,에녹익스프레스,경기도 성남시 수정구 남문로 78번길 5(태평동),031-754-7722
성남시,영트랜스,"경기도 성남시 수정구 제일로224번길 15-1, 1층(태평동)",031-757-2482
성남시,이사뱅크,경기도 성남시 분당구 판교로 790(야탑동),031-781-1242
성남시,이영숙,"경기도 성남시 중원구 둔촌대로52번길 3-18, 101호(성남동)",02-470-5000
성남시,(주)하이이사클럽,"경기도 성남시 중원구 둔촌대로 531, B동 602호(상대원동, 쌍용IT트윈타워)",1588-2624
성남시,24데이,"경기도 성남시 중원구 원터로75번길 14, 1층(성남동)",031-722-2425
성남시,B&B 조은익스프레스,"경기도 성남시 분당구 판교로 519, 11호(야탑동, 탑마을상가)",031-781-2424
성남시,C.H 무빙,"경기도 성남시 수정구 제일로 216, 104호(태평동)",1566-5428
고양시,세진통운,경기도 고양시 덕양구 흥도로 186,031-8502-5857
고양시,(주)이사클릭,"경기도 고양시 일산동구 경의로 25-37, 201동 335호",031-968-2476
고양시,영구이사,"경기도 고양시 일산동구 일산로 427번길 27, 지층(정발산동)",031-7193-4786
고양시,즐거운이사,"경기도 고양시 일산동구 고봉로 867번길 91, 1동 1층",031-3819-0468
고양시,다함이사,"경기도 고양시 덕양구 호국로 787, 702호",031-5694-5344
고양시,동아익스프레스,경기도 고양시 일산서구 일중로 72,031-3757-8880
고양시,통인익스프레스 강서점 일산동구점,경기도 고양시 일산동구 동국로223번길 19,031-969-2444
고양시,청원트랜스,경기도 고양시 덕양구 호국로834번길 8 2층,031-8879-1129
고양시,(주)오케이로지스,경기도 고양시 덕양구 덕은로 26,031-4220-1995
고양시,코리아전국물류,경기도 고양시 일산동구 장대길 128-47,031-1107-5641
고양시,e편한이사,경기도 고양시 일산동구 식사로36번길 63,031-6365-7590
고양시,영구이사19호점,경기도 고양시 일산서구 장자길118번길 64,031-3554-0462
고양시,현주익스프레스,경기도 고양시 덕양구 중앙로472번길 15,031-2556-8448
고양시,이사물달인,"경기도 고양시 일산동구 성석로 118, 2호",031-3044-5002
고양시,09크린29호점,경기도 고양시 덕양구 호수로70번길 5,031-904-5524
고양시,이사나라,경기도 고양시 일산서구 덕산로 278-32,031-906-3330
고양시,덕산익스프레스,"경기도 고양시 덕양구 중앙로 58-1, 1층",031-8504-7077
고양시,한솔익스프레스,경기도 고양시 일산동구 백석로 177 주상가동 106호,031-866-1234
고양시,안심익스프레스,경기도 고양시 덕양구 토당로 42번길 21,031-0665-5635
고양시,행운익스프레스,"경기도 고양시 덕양구 토당로 104번길 40, 1층",031-3690-4685
고양시,온누리포장이사협동조합,경기도 고양시 일산서구 가좌로 34-16,031-5848-7642
고양시,아름다운이사,경기도 고양시 덕양구 고골길 40-22,031-4495-4142
고양시,천지물류익스프레스,경기도 고양시 덕양구 중앙로 394,031-7263-8171
고양시,KT트랜스,경기도 고양시 일산동구 은행마을로6번길 86-1,031-967-8924
고양시,(주)동서트레픽,경기도 고양시 일산동구 고봉로 20-26,031-5882-6283
고양시,리더스이사,경기도 고양시 덕양구 호수로70번길 5,031-901-0333
고양시,현대홈트랜스,"경기도 고양시 일산서구 일산로636번길 37-65, 1층",031-4254-0117
고양시,패밀리익스프레스,경기도 고양시 일산동구 견달산로210번길 24,031-8919-1007
고양시,더채움24,경기도 고양시 일산동구 동국로 81-16,031-6305-0444
고양시,영구크린(이사)20호점,"경기도 고양시 일산서구 탄중로 136, 1층 (덕이동)",031-5820-8440
고양시,KGB이사(파주점),"경기도 고양시 일산서구 덕산로121번길 115-2, 1동 (가좌동)",1577-2434
포천시,경동익스프레스,경기도 포천시 소흘읍 호국로 235,031-8193-0178
포천시,(주)가나통운공사,경기도 포천시 소흘읍 무림1길 17,031-544-2490
의왕시,가나익스프레스,"경기도 의왕시 오매기백운산길 54-2, 1층 (오전동)",031-473-3000
의왕시,주식회사 서해정보물류,"경기도 의왕시 이미로 40, 인덕원IT밸리 디동 603호 (포일동)",031-8451-5095
의왕시,케이지비기업이전서비스,경기도 의왕시 현충탑길 34 (고천동),031-7427-3659
의왕시,Yes2424(동부지역671팀),"경기도 의왕시 내손로 76, 보우상가 지층 17,18,24,25호 (내손동)",031-426-2224
의왕시,정성익스프레스,"경기도 의왕시 민백1길 3, 105호 (내손동)",031-4379-0361
의왕시,한솔익스프레스,"경기도 의왕시 위인로 18, 솔거아파트 지층 03호 (왕곡동)",031-8835-4800
의왕시,금호익스프레스,"경기도 의왕시 사그내4길 19 (고천동, 안양방송의왕지점)",031-1050-5649
의왕시,로드24,"경기도 의왕시 신장승길 21, 2동 (삼동)",031-2053-0597
의왕시,대한통운,경기도 의왕시 부곡중학길 13 (삼동),031-0084-9064
의왕시,새샘익스프레스,경기도 의왕시 현충탑길 40-7 (고천동),031-427-7777
의왕시,개미익스프레스,경기도 의왕시 까치골1길 9 (삼동),031-452-2424
의왕시,천사통운,경기도 의왕시 사그내2길 16 (고천동),031-386-1004
구리시,성실익스프레스,"경기도 구리시 검배로84번길 37-12, 1층(수택동)",031-9758-0058
구리시,금호익스프레스,"경기도 구리시 안골로103번길 11, 지층(수택동)",031-7088-1077
구리시,롯데익스프레스,경기도 구리시 검배로93번길 38-19 (수택동),031-7240-1397
구리시,태화익스프레스,경기도 구리시 아차산로432번길 31(교문동),031-9263-9799
구리시,대우통운,경기도 구리시 경춘로276번길 33-10(수택동),031-0722-2311
구리시,하나익스프레스,경기도 구리시 안골로7번길 34(교문동)1층,031-6583-5144
구리시,로젠이사(무빙코리아),경기도 구리시 아차산로432번길 47(교문동),031-7134-1997
구리시,모범익스프레스,경기도 구리시 인창2로43번길 30(인창동),031-5478-8684
구리시,신라익스프레스,경기도 구리시 안골로30번길 30-9(교문동),031-0093-0200
구리시,해피데이 이사,경기도 구리시 동구릉로 434 (사노동)340-9,031-1760-7419
안양시,현대익스프레스,"경기도 안양시 만안구 소곡로 8, 1층 (안양동)",031-465-4000
안양시,또또이사장익스프레스,경기도 안양시 만안구 안양동 41-2 C동 6호,031-3485-0028
안양시,㈜베스트무빙,"경기도 안양시 만안구 만안로 31-13, 201호 (안양동)",031-6480-1295
안양시,대승익스프레스,"경기도 안양시 만안구 박달로479번길 38, 지층 (박달동)",031-0590-9400
안양시,뉴평화익스프레스,"경기도 안양시 만안구 안양로417번길 36, 101호 (안양동)",031-7290-0925
안양시,한마음익스프레스,경기도 안양시 동안구 비산동 1040-7,031-7653-2319
안양시,엘지익스프레스,경기도 안양시 동안구 호계동 995-21,031-9728-8794
안양시,(주)씨아이에이플러스,경기도 안양시 만안구 안양동 196 유천팩토피아 164호,031-467-2441
안양시,팔도익스프레스,경기도 안양시 만안구 양화로82번길 7 (안양동),031-442-9716
안양시,친구2424,"경기도 안양시 만안구 석수로 42, 상가동 211호 (석수동)",031-8500-6881
안양시,전국익스프레스,경기도 안양시 동안구 관악대로263번길 13 (비산동),031-388-2424
안양시,푸른이사,"경기도 안양시 만안구 안양로532번길 45, 1층 1호 (석수동)",031-3137-4145
안양시,톱로지스,"경기도 안양시 만안구 박달우회로124번길 13 (박달동, 썬팰리스)",031-708-3535
안양시,백두익스프레스,"경기도 안양시 만안구 양화로 230, 태양빌딩 1층 (석수동)",031-0692-3861
안양시,(주)진진물류,"경기도 안양시 만안구 덕천로 34, 명지e스페이스 303호 (안양동)",1670-5670
안양시,한신익스프레스,경기도 안양시 만안구 박달우회로138번길 16 (박달동),031-445-2482
안양시,케이지비 광명대리점,"경기도 안양시 만안구 와룡로 12-1, 상가3호 (석수동)",031-383-1234
안양시,(주)고려이앤지,경기도 안양시 동안구 경수대로721번길 9 (호계동),031-454-2424
안산시,이사인(24IN),"경기도 안산시 단원구 와동공원로1길 11, 101호 (와동)",031-7396-0369
안산시,대신익스프레스,경기도 안산시 상록구 샘골로4길 15 (본오동),031-1205-1818
수원시,김현선,"경기도 수원시 장안구 수일로 55-10, 101호 (파장동)",031-5260-8718
수원시,해오름익스프레스,경기도 수원시 권선구 구운로64번길 22 (구운동),031-4680-5026
수원시,지산익스프레스,"경기도 수원시 장안구 파장천로58번길 101-1, 으뜸피아노 (송죽동)",031-9974-1056
수원시,피앤씨티엘에스(주),경기도 수원시 영통구 중부대로462번길 32 (원천동),031-5925-9315
수원시,(주)나라물류,"경기도 수원시 장안구 정조로 947, KT수원지사 별관 3층 (영화동)",1588-7724
수원시,이사마스터,"경기도 수원시 장안구 수일로 55-10, 101호 (파장동)",031-3389-2018
수원시,2424몰,경기도 수원시 권선구 곡반정로13번길 8-15 (곡반정동),031-5882-7907
수원시,이사이야기,경기도 수원시 권선구 정조로 467 (세류동),031-9221-3278
수원시,로젠이사,경기도 수원시 권선구 새터로 36 (세류동),031-5618-3546
수원시,이사랜드,"경기도 수원시 권선구 금호로250번길 14, 1층 (탑동)",031-2056-5877
수원시,탑트랜스,경기도 수원시 권선구 탑동로39번길 12 (탑동),031-7125-3705
수원시,경기익스프레스,경기도 수원시 팔달구 월드컵로357번길 15-4 (우만동),031-232-0024
수원시,KGB오산점,경기도 수원시 권선구 새터로24번길 16 (세류동),031-2273-6622
수원시,우리이사,경기도 수원시 권선구 온정로 77 (오목천동),031-5188-7446
수원시,천마운송,"경기도 수원시 팔달구 정조로 651, 매교종합상가 1동 149호 (매교동)",031-4458-2975
수원시,오성익스프레스,경기도 수원시 권선구 새터로24번길 16 (세류동),031-238-8300
수원시,(주)동남,경기도 수원시 팔달구 인계로61번길 35 (인계동),031-0394-9943
수원시,거성익스프레스,"경기도 수원시 장안구 수일로 92, 쌍용익스프레스 1층 101호 (파장동)",031-1948-7569
수원시,KGB장안동부점,경기도 수원시 권선구 새터로40번길 24 (세류동),031-1836-5708
평택시,로젠이사,"경기도 평택시 진위면 진위2산단로 16-18, 더스테이 408호",031-0937-7905
평택시,경기익스프레스,경기도 평택시 평택로 68 (평택동),031-8679-9134
평택시,에이케이에스앤디(주),"경기도 평택시 평택로 51, 지하2층 (평택동)",031-0297-4290
평택시,평택포장이사 이사 동양익스프레스,경기도 평택시 지산로 154 (지산동),031-7122-8303
평택시,참조은익스프레스,경기도 평택시 신평로 26-29 (유천동),031-7553-5986
평택시,초원익스프레스,경기도 평택시 오성면 양교1길 12,031-3230-6337
안산시,토마토이사,"경기도 안산시 단원구 신길중앙로4길 18-7, 103호 (신길동)",031-5085-9035
안산시,와이사라이프,경기도 안산시 상록구 송호1길 61 (이동),031-0528-4931
안산시,성진로지스&익스프레스,경기도 안산시 단원구 와동로7길 11 (와동),031-8278-5791
안산시,굿모닝익스프레스,경기도 안산시 상록구 삼태기로 5-4 (이동),031-411-2824
안산시,개꿀이사,"경기도 안산시 단원구 고잔로 55, 중앙오피스텔 지하1층 102호 (고잔동)",031-9940-6195
안산시,행복한이사,"경기도 안산시 단원구 화정천동로7안길 11, 101호 (와동)",031-5096-7530
안산시,환익스프레스,경기도 안산시 상록구 본원로 101 (본오동),031-2918-1689
안산시,국제익스프레스,경기도 안산시 단원구 광덕4로 116 (고잔동),031-8507-0361
안산시,뉴월드익스프레스,경기도 안산시 상록구 각골서로 6 (본오동),031-406-0024
안산시,중앙익스프레스,경기도 안산시 상록구 성안1길 26 (사동),031-482-8282
안산시,대한항공익스프레스,경기도 안산시 상록구 예술대학로 237-1 (월피동),031-0096-9795
안산시,信華(신화)익스프레스,"경기도 안산시 상록구 영화5길 17, 103호 (사동)",031-8588-2128
안산시,탑클래스,경기도 안산시 단원구 와동로 69-1 (와동),031-0254-2764
안산시,황제익스프레스,"경기도 안산시 단원구 보화로 18, 102호 (고잔동)",031-8726-7928
안산시,우정익스프레스,"경기도 안산시 단원구 화정천동로 314, 104호 (와동)",031-482-7777
안산시,매일익스프레스,경기도 안산시 상록구 영화3길 11 (사동),031-405-9999
안산시,동그라미익스프레스,경기도 안산시 단원구 우산리2길 21 (선부동),031-1562-8727
안산시,OK이사이사,경기도 안산시 상록구 정재로6길 10 (부곡동),031-418-4444
안산시,베스트이사,경기도 안산시 상록구 각골동로2길 1 (본오동),031-6655-8636
안산시,이사크린,경기도 안산시 상록구 갯다리길 40 (장하동),031-0838-3539
안산시,태산익스프레스,경기도 안산시 상록구 오목로 121-1 (본오동),031-8777-6496
안산시,백호익스프레스,경기도 안산시 상록구 본오로4길 10-1 (본오동),031-520-8944
안산시,강산익스프레스,경기도 안산시 상록구 시낭로2길 13 (월피동),031-2470-7620
안산시,고흥익스프레스,경기도 안산시 단원구 산단로 326 (원곡동),031-2856-7693
안산시,안산익스프레스,경기도 안산시 단원구 화정천동로 390 (와동),031-487-2424
안산시,웰빙익스프레스,"경기도 안산시 상록구 식물원로3길 10, 1층 (일동)",031-409-1234
안산시,쌍용익스프레스,경기도 안산시 단원구 신촌2길 33 (초지동),031-1302-1552
안산시,믿음익스프레스,경기도 안산시 상록구 정재로 36 (부곡동),031-8264-5577
안산시,앨리스이사몰,경기도 안산시 상록구 시낭북로2길 22-1 (부곡동),031-5496-2721
안산시,버팔로익스프레스,경기도 안산시 상록구 두레로 10 (부곡동),031-417-4400
안산시,개미용달이삿짐익스프레스,경기도 안산시 단원구 관산1길 4-4 (원곡동),031-2503-1391
안산시,고려익스프레스,경기도 안산시 상록구 네고지2길 6 (사동),031-402-2424
안산시,이오이사점,경기도 안산시 단원구 화정천동로6길 31 (와동),031-411-2524
안산시,코리아익스프레스,"경기도 안산시 상록구 정동1길 8, 102호 (팔곡일동)",031-417-2477
안산시,삼화익스프레스,경기도 안산시 상록구 영화3길 6-1 (사동),031-8057-6078
안산시,경인이사,경기도 안산시 상록구 오목로 123 (본오동),031-501-2477
안산시,이편한익스프레스,경기도 안산시 상록구 본이로 35 (본오동),031-475-3000
안산시,행복익스프레스,경기도 안산시 단원구 선이로2길 34-1 (선부동),031-3466-5532
안산시,통일익스프레스,경기도 안산시 상록구 도매시장로5길 3 (일동),031-409-2404
시흥시,강남통운,경기도 시흥시 신천8길 6 (신천동),031-314-2424
시흥시,광명화물,경기도 시흥시 월곶중앙로46번길 28-9 (월곶동),031-7878-9146
시흥시,시흥익스프레스&퀵,경기도 시흥시 신천천서로 44 (신천동),031-312-1212
시흥시,삼성익스프레스,경기도 시흥시 신천로104번길 24-1 (신천동),031-431-8224
시흥시,조은이사,경기도 시흥시 복지로 105-13(대야동),031-404-2429
시흥시,미주로지스,"경기도 시흥시 공단1대로 244,1동302호(정왕동,공구상가)",031-431-8222
시흥시,신천화물익스프레스,경기도 시흥시 문화마을로16번길 34 (대야동),031-311-5252
시흥시,(주)우리중량물,"경기도 시흥시 서해안로81-44, 3동 120호(정왕동)",031-1812-0246
시흥시,태화중량물,"경기도 시흥시 공단1대로 204,  24동 301호(정왕동, 시화유통상가)",031-498-1177
시흥시,(주)일공이사에이원,"경기도 시흥시 금오로 265번길 11,(과림동)",02-6737-1024
시흥시,달인EL이사,경기도 시흥시 시흥대로 182 (군자동),1800-7427
시흥시,거성통운(주),"경기도 시흥시 서촌상가2길 38, 304호 (청송코아빌딩)",031-419-1234
시흥시,홈런이사서비스,"경기도 시흥시 신천6길 13, 1층 101호 (신천동)",1670-7124
시흥시,한빛퀵화물익스프레스,경기도 시흥시 신현로 43-1(포동),031-318-1233
시흥시,경흥정기(주),"경기도 시흥시 공단1대로321번길 46, 3나 412호(정왕동, (주)경흥정기)",031-497-0630
시흥시,믿음익스프레스,경기도 시흥시 수인로3108번길 47-7(안현동),1588-1573
시흥시,GS익스프레스,경기도 시흥시 신천6길 6(신천동),1577-3724
시흥시,대박퀵화물이사,"경기도 시흥시 매화1로 25, B동 101호(매화동, 이레힐즈)",031-311-5624
시흥시,재이에이치컴퍼니,"경기도 시흥시 큰솔공원로 26, 103호(정왕동)",031-431-3000
시흥시,논스톱물류,경기도 시흥시 동서로 707번길 31(물왕동 291),031-2838-3905
시흥시,현진로지스,"경기도 시흥시 비둘기공원6길 13, 1109호(대야동, 유호오피스텔)",031-1388-0048
시흥시,신한통퀵화물,"경기도 시흥시 시흥대로 1146, 2층 (신천동)",1588-7697
시흥시,혜성로지스,"경기도 시흥시 공단1대로 244, 5동 323호(정왕동, 공구상가)",031-8097-3175
시흥시,스마일종합물류,"경기도 시흥시 연성로 30, 2층(하중동)",02-3666-8255
시흥시,24해요,"경기도 시흥시 서촌상가 1길 13 326-36 (정왕동, 신안프라자)",031-8691-1092
안산시,이사대통령,경기도 안산시 상록구 건지미길 15-20 (건건동),031-501-2441
안산시,청호이사서비스,경기도 안산시 단원구 소바위길 10 (선부동),031-464-2400
안산시,신보람익스프레스,"경기도 안산시 단원구 광덕3로 167-6, 뉴골드타운 406호 (고잔동)",031-7449-2714
안산시,안심익스프레스,"경기도 안산시 상록구 송호1길 11, 205호 (이동)",031-296-0999
안산시,한길익스프레스,경기도 안산시 상록구 양지마을3길 4 (사사동),031-475-1234
안산시,금호익스프레스,경기도 안산시 상록구 막고지로 11-1 (본오동),031-437-5086
안산시,이사동네,경기도 안산시 상록구 각골서로3길 16 (본오동),031-1232-8879
안산시,우림종합물류,경기도 안산시 상록구 청룡길 25 (장상동),031-4250-8481
안산시,한일익스프레스,경기도 안산시 상록구 이화4길 22 (사동),031-419-2404
안산시,한빛물류,"경기도 안산시 단원구 적금로 65, 309호 (고잔동)",031-0411-5538
안산시,평화통운,경기도 안산시 단원구 산단로 326 (원곡동),031-5015-5379
안산시,참좋은이사친구,경기도 안산시 상록구 영화2길 5-1 (사동),031-407-2479
안산시,신반월이사,경기도 안산시 상록구 영화3길 19 (사동),031-3281-4006
안산시,호반익스프레스,경기도 안산시 상록구 석호공원로 79 (사동),031-8797-9413
안산시,한진익스프레스,경기도 안산시 상록구 이호로 96 (본오동),031-416-2410
안산시,우리익스프레스,"경기도 안산시 단원구 인현중앙길 38, 상가동 104호 (고잔동)",031-3476-8795
안산시,한샘익스프레스,경기도 안산시 단원구 선삼로 79 (선부동),031-403-2000
안산시,옥션익스프레스,경기도 안산시 상록구 구룡로 49 (일동),031-6507-4121
안산시,가나익스프레스,경기도 안산시 단원구 삼일로 189 (원곡동),031-413-2400
안산시,프로익스프레스,"경기도 안산시 상록구 샘골로2길 3, 1층 (본오동)",031-0824-4758
안산시,(주)씨앤씨트랜,경기도 안산시 단원구 산단로 326 (원곡동),031-4267-1563
안산시,세종익스프레스,경기도 안산시 상록구 석삼말로 119 (이동),031-4051-0308
안산시,(주)이숍무빙,경기도 안산시 단원구 지곡로 125-1 (선부동),031-4126-0877
연천군,전곡이삿짐센타,경기도 연천군 전곡읍 선사로 358,031-832-6133
수원시,효은익스프레스,"경기도 수원시 권선구 매송고색로533번길 7 (오목천동, 태산아파트)",031-3682-8984
수원시,수원이사친구,경기도 수원시 팔달구 고등로59번길 13 (고등동),031-4362-2081
수원시,형제이사서비스,경기도 수원시 팔달구 월드컵로357번길 12-1 (우만동),031-8602-5141
수원시,덕산익스프레스,경기도 수원시 권선구 덕영대로1368번길 100 (곡반정동),031-6675-5735
수원시,(주)창조,경기도 수원시 권선구 효탑로16번길 40 (탑동),031-3943-9545
수원시,통인익스프레스,"경기도 수원시 권선구 서수원로 603, 102호 (금곡동)",031-4898-2478
수원시,KGB화성 남부북부점,경기도 수원시 권선구 새터로22번길 35 (세류동),031-377-7000
수원시,수원로젠이사,경기도 수원시 권선구 새터로37번길 13 (세류동),031-1582-4120
수원시,이사벨익스프레스,경기도 수원시 팔달구 월드컵로369번길 34 (우만동),031-8337-1699
수원시,이사&가는날,경기도 수원시 권선구 정조로 467-6 (세류동),031-9450-3030
수원시,수원KGB영통대리점,경기도 수원시 권선구 새터로 12 (세류동),031-8124-1587
수원시,씨제이이사몰,경기도 수원시 팔달구 창룡대로 146-1 (우만동),031-0718-1699
수원시,24향기 익스프레스,경기도 수원시 권선구 곡반정로 30-11 (곡반정동),031-9562-8486
수원시,KGB용인처인점,경기도 수원시 팔달구 월드컵로357번길 23-19 (우만동),031-8164-2597
수원시,포인트 이사몰,경기도 수원시 권선구 매송고색로506번길 3 (오목천동),031-2468-5767
안양시,새천년익스프레스,경기도 안양시 동안구 경수대로584번길 11 (호계동),031-6883-8044
안양시,신보람익스프레스,"경기도 안양시 동안구 평촌대로 419, 102호 (비산동)",031-0532-3896
안양시,신세계익스프레스,"경기도 안양시 동안구 흥안대로133번길 4, 101호 (호계동, 호계더카운티)",031-5301-2809
안양시,세븐익스프레스,"경기도 안양시 동안구 동안로 271, 상가동 1층 101호 (비산동, 뉴타운아파트)",031-2465-8995
안양시,(주)이사플러스,경기도 안양시 동안구 관양동 1458-7 연무빌딩,031-2325-9179
안양시,대신익스프레스,경기도 안양시 만안구 화창로 103 (석수동),031-1194-2837
안양시,흥부익스프레스,경기도 안양시 동안구 관양로 269-4 (관양동),031-8553-8174
안양시,한솔익스프레스,"경기도 안양시 동안구 평촌대로 427, 1층 102호 (비산동)",031-388-8888
안양시,통인익스프레스,"경기도 안양시 만안구 양화로25번길 20, 1층 (안양동)",031-6154-1641
안양시,효성익스프레스,"경기도 안양시 동안구 평촌대로374번길 9-3, 101호 (비산동)",031-6118-6407
안양시,씨티팩익스프레스,"경기도 안양시 만안구 박달로557번길 33, 101호 (안양동)",031-469-2462
안양시,신한신익스프레스,경기도 안양시 만안구 와룡로 17-1 (석수동),031-449-2404
안양시,삼성익스프레스,"경기도 안양시 동안구 엘에스로 92, 25동 301호 (호계동, 안양국제유통단지)",031-456-1414
수원시,하하익스프레스,경기도 수원시 권선구 덕영대로1145번길 8 (세류동),031-8467-7813
수원시,예스2424,"경기도 수원시 권선구 여기산로 19, 상가동 2층 209호 (구운동, 선경아파트)",031-8096-9705
수원시,한진그린이사,경기도 수원시 팔달구 정조로861번길 4-6 (신풍동),031-295-6633
수원시,장군익스프레스,경기도 수원시 권선구 권선로544번길 9-3 (세류동),031-0713-7816
양주시,대승익스프레스,경기도 양주시 백석읍 부흥로1102번길 24,031-879-3323
양주시,회천화물아리랑트랜스,경기도 양주시 남면 개나리18길 39,031-861-2424
양주시,양주익스프레스,경기도 양주시 백석읍 권율로 1414-59,031-826-2459
양주시,제일익스프레스,경기도 양주시 부흥로 1830(광사동),031-873-2485
양주시,가자이사의나라,"경기도 양주시 은현면 평화로 1868, 2층",031-7572-1413
양주시,슈퍼맨익스프레스,"경기도 양주시 화합로1258번길 5-14, 1층1호",031-2375-1710
양주시,가가호호익스프레스,경기도 양주시 백석읍 중앙로 32,031-836-2222
양주시,삼성24익스프레스(선유),경기도 양주시 백석읍 호명로 44-5,031-3932-9595
수원시,대호익스프레스,"경기도 수원시 영통구 동탄원천로 1035, 상가동 106호 (매탄동, 매탄3차삼성아파트)",031-211-2822
수원시,명성퀵전국물류,"경기도 수원시 권선구 장다리로 101, 201호 (권선동)",031-0640-6526
수원시,은성무빙텍,경기도 수원시 영통구 신원로211번길 22 (매탄동),031-0214-1568
수원시,옥주익스프레스,"경기도 수원시 권선구 매송고색로721번길 2, 1층 2호 (고색동)",031-6140-3214
수원시,이사친구익스프레스,"경기도 수원시 팔달구 창룡대로210번길 13, 208호 (우만동, 주공3단지아파트)",031-257-4488
수원시,월드익스프레스,경기도 수원시 팔달구 팔달문로103번길 14 (지동),031-234-6666
수원시,명문익스프레스,경기도 수원시 권선구 세권로35번길 18 (세류동),031-8397-6855
수원시,현대익스프레스,"경기도 수원시 권선구 서수원로 98, 2층 (오목천동)",031-5944-4381
수원시,도움이사,"경기도 수원시 장안구 정조로978번길 15, 성신아파트 다동 106호 (조원동)",031-6554-4948
수원시,행운익스프레스,"경기도 수원시 영통구 권광로260번길 36, 제상가동 제3층 제307호 (매탄동, 현대힐스테이트아파트)",031-9145-9172
수원시,씨제이대한통운(주)경기지사,경기도 수원시 영통구 삼성로 318 (원천동),031-4089-9023
평택시,디에이치익스프레스(주),"경기도 평택시 평택5로20번길 8, 201호 (합정동)",031-2619-5492
평택시,평송익스프레스,경기도 평택시 삼봉로 23 (독곡동),031-8102-7095
평택시,KGB골든익스프레스,경기도 평택시 고덕면 고덕북로 81-12,031-0899-3324
평택시,삼영화물,"경기도 평택시 평남로 280-25, 1층 (통복동)",031-9298-2233
평택시,전국익스프레스,경기도 평택시 평남로 280-25 (통복동),031-0608-8402
평택시,평택포장이사 한일익스프레스,경기도 평택시 둥구재길 30 (이충동),031-3588-5832
평택시,월드익스프레스,경기도 평택시 탄현로 417,없음031-434-5699
평택시,그린이사몰,경기도 평택시 진위면 삼남로 669,031-4332-1647
평택시,(주)와이제이티엔티,경기도 평택시 포승읍 석정로 266-9 (주)서광물류센터,031-449-2526
안산시,코리아물류메니저,"경기도 안산시 단원구 산단로 326, 원곡유통상가 지하상가동 지층 사-7호 (원곡동)",031-976-2526
안산시,성공익스프레스,경기도 안산시 상록구 양지마을길 10-5 (사사동),031-2074-8798
안산시,이상철,경기도 안산시 상록구 성안1길 26 (사동),031-482-8282
안산시,에델바이스이사도라,경기도 안산시 상록구 선진4길 35 (사동),1599-2429
안산시,(주)삼호종합물류,"경기도 안산시 상록구 항가울로 286, 301호 (사동)",031-4260-9631
안산시,한솔익스프레스,경기도 안산시 상록구 정재로6길 10 (부곡동),031-419-6666
안산시,OK우리집익스프레스,"경기도 안산시 단원구 와동로 69-1, 103호 (와동)",031-413-9009
안산시,삼호물류24,"경기도 안산시 단원구 석수로 120-1, 103호 (선부동)",031-4687-8974
평택시,OK 이사이사,경기도 평택시 팽성읍 팽성대교길 51,031-9153-6157
평택시,(주)대원물류,"경기도 평택시 고덕면 방축3길 89, 2동",031-8712-5066
평택시,으뜸원익스프레스,"경기도 평택시 진위면 삼남로 700, 104호",031-3082-3053
평택시,화물연구소,경기도 평택시 팽성읍 추팔산단로 33-2,031-421-2526
평택시,에스비물류,"경기도 평택시 울성1로 169, 401호 (지제동)",031-5794-3589
평택시,(주)제이디플래닛,경기도 평택시 고덕면 고덕북로 189 (주)한미물류 비동,031-434-3249
평택시,민성전국화물(주),"경기도 평택시 진위면 남부대로 623, 2층",031-1904-8488
안산시,대경익스프레스,경기도 안산시 상록구 벌터길 2 (양상동),031-415-2479
안산시,에이스 이삿짐센터,"경기도 안산시 단원구 풍전로 37-9, 트리플렉스 에이단지 304동 222호 (원곡동)",031-4563-9746
안산시,대한이사클럽,경기도 안산시 단원구 화정천서로6길 5 (선부동),031-410-2482
안산시,전국제일화물,"경기도 안산시 상록구 항가울로 52, 명인빌딩 3층 (사동)",031-8299-4768
안산시,대승익스프레스,"경기도 안산시 상록구 성포로 30, 사이버스튜디오 313호 (성포동)",031-4504-4154
안산시,대우익스프레스,경기도 안산시 상록구 매화로2길 11-3 (이동),031-1507-8897
안산시,이사특공대,경기도 안산시 단원구 원일길 14 (원곡동),031-484-4424
안산시,OK익스프레스,"경기도 안산시 단원구 화정천서로 181, 1층 (초지동)",031-411-2433
안산시,제일익스프레스,경기도 안산시 상록구 각골동로2길 1 (본오동),031-417-2455
안산시,뉴백년익스프레스,"경기도 안산시 상록구 영화4길 20-1, 102호 (사동)",031-5483-2081
안산시,하은익스프레스,"경기도 안산시 상록구 정재로11길 23 (부곡동, 1층 상가)",031-438-2459
안산시,이사친구,경기도 안산시 단원구 신촌5길 31 (초지동),031-134-2342
안산시,노블리안24,경기도 안산시 단원구 석수로 82-1 (선부동),031-234-2526
안산시,스마일2424,경기도 안산시 단원구 신길중앙로5길 24-2 (신길동),031-444-2526
안산시,일등익스프레스,"경기도 안산시 단원구 인현3길 23, 현대연립 상가동 1층 101호 (고잔동)",031-434-2526
안산시,ok2424(수원점),경기도 안산시 상록구 성안2길 31 (사동),031-416-2400
안산시,현대이사몰,경기도 안산시 상록구 송호1길 55 (이동),031-501-3535
안산시,양지익스프레스,경기도 안산시 단원구 지곡로2길 27-8 (선부동),031-434-2526
